id	r	g	b	a	abs_tolerance	analytic_lod
textureGrad_mip_0	0.125	0.3125	0.625	1.0	2e-06	0.0
textureGrad_mip_1	0.25	0.125	0.25	1.0	2e-06	1.0
textureGrad_mip_2	0.375	0.0625	0.125	1.0	2e-06	2.0
textureGrad_mip_3	0.5	0.0	0.0	1.0	2e-06	3.0
textureGrad_mip_4	0.625	0.0	0.0	1.0	2e-06	4.0
textureGrad_zero	0.125	0.3125	0.625	1.0	2e-06	0.0
textureGrad_magnification	0.125	0.3125	0.625	1.0	2e-06	0.0
textureGrad_minification_clamp	0.625	0.0	0.0	1.0	2e-06	4.0
textureGrad_dx_dominates	0.5	0.0	0.0	1.0	2e-06	3.0
textureGrad_dy_dominates	0.5	0.0	0.0	1.0	2e-06	3.0
textureGrad_rectangular_x	0.25	0.125	0.25	1.0	2e-06	1.0
textureGrad_rectangular_y	0.125	0.3125	0.625	1.0	2e-06	0.0
textureGrad_negative_gradients	0.375	0.0625	0.125	1.0	2e-06	2.0
textureGrad_swapped_derivatives	0.375	0.0625	0.125	1.0	2e-06	2.0
textureGrad_diagonal	0.375	0.0625	0.125	1.0	2e-06	2.00000003439653
textureGrad_nearest_below_mip_switch	0.25	0.125	0.25	1.0	2e-06	1.2499999539287163
textureGrad_nearest_above_mip_switch	0.375	0.0625	0.125	1.0	2e-06	1.750000021235902
textureGrad_trilinear_half	0.3124999969136657	0.09375000154316714	0.18750000308633427	1.0	2e-06	1.4999999753093258
textureGrad_bilinear	0.125	0.34375	0.5625	1.0	2e-06	0.0
textureGrad_trilinear_bilinear	0.3124999969136657	0.10937500231475071	0.17187500385791785	1.0	2e-06	1.4999999753093258
textureGrad_uv_lower_left	0.125	0.0	0.0	1.0	2e-06	0.0
textureGrad_uv_upper_right	0.125	0.9375	0.875	1.0	2e-06	0.0
textureGrad_uv_clamp	0.125	0.0	0.875	1.0	2e-06	0.0
textureGrad_uv_repeat	0.125	0.3125	0.625	1.0	2e-06	0.0
textureGrad_uv_mirror	0.125	0.625	0.25	1.0	2e-06	0.0
textureGrad_uv_transform_fixed_grad	0.125	0.375	0.625	1.0	2e-06	0.0
textureGrad_uv_transform_scaled_grad	0.25	0.1875	0.25	1.0	2e-06	1.0
textureGrad_constant_arguments	0.375	0.0625	0.125	1.0	2e-06	2.0
