id	r	g	b	a	little_endian_hex
uint_literal_boundaries	16777215	16777216	16777217	4294967295	ffffff000000000101000001ffffffff
uint_literal_sign_boundary	2147483647	2147483648	2147483649	4294967295	ffffff7f0000008001000080ffffffff
uint_const_wrap	0	4294967295	0	4294967295	00000000ffffffff00000000ffffffff
uint_constructors	4294967295	1	0	16777216	ffffffff010000000000000000000001
uint_join_uvec2_uvec3	16777217	2147483649	4294967295	2147483648	0100000101000080ffffffff00000080
uint_constructor_splat	16777217	16777217	16777217	16777217	01000001010000010100000101000001
uint_swizzle_join	4294967295	2147483649	16777217	2147483648	ffffffff010000800100000100000080
uint_swizzle_assignment	4294967295	2147483649	2147483649	4294967295	ffffffff0100008001000080ffffffff
uint_uniform_exact	0	16777217	2147483648	4294967295	000000000100000100000080ffffffff
uint_uniform_wrap	0	1	4278190079	1	0000000001000000fffffffe01000000
uint_uniform_div_rem	255	16776960	1	2147483647	ff00000000ffff0001000000ffffff7f
uint_uniform_vector_arithmetic	1	100663299	2	4294967284	010000000300000602000000f4ffffff
uint_uniform_vector_div_rem	0	5592407	1073741824	65535	000000005755550000000040ffff0000
uint_uniform_bitwise	16777217	4294967295	4278190078	4278190078	01000001fffffffffefffffefefffffe
uint_uniform_shift_widths	4294967295	2147483647	65535	1	ffffffffffffff7fffff000001000000
uint_uniform_shift_left	16777217	33554434	65536	2147483648	01000001020000020000010000000080
uint_vector_shift	0	8388608	32768	1	00000000000080000080000001000000
uint_vector_shift_scalar	0	33554434	0	4294967294	000000000200000200000000feffffff
uint_scalar_minmaxclamp	16777217	4294967295	2147483649	2147483648	01000001ffffffff0100008000000080
uint_vector_min	0	16777216	2147483648	4294967294	000000000000000100000080feffffff
uint_vector_max	1	16777217	2147483649	4294967295	010000000100000101000080ffffffff
uint_vector_min_scalar	0	16777217	2147483648	2147483648	00000000010000010000008000000080
uint_vector_max_scalar	16777217	16777217	2147483648	4294967295	010000010100000100000080ffffffff
uint_vector_clamp_scalar	16777216	16777217	2147483648	2147483649	00000001010000010000008001000080
uint_vector_clamp_vector	0	16777217	2147483648	4294967294	000000000100000100000080feffffff
uint_scalar_comparisons	1	1	1	1	01000000010000000100000001000000
uint_scalar_equal_order	0	1	0	0	00000000010000000000000000000000
uint_vector_lessThan	1	0	1	0	01000000000000000100000000000000
uint_vector_lessThanEqual	1	0	1	0	01000000000000000100000000000000
uint_vector_greaterThan	0	1	0	1	00000000010000000000000001000000
uint_vector_greaterThanEqual	0	1	0	1	00000000010000000000000001000000
uint_vector_equal	0	0	0	0	00000000000000000000000000000000
uint_vector_notEqual	1	1	1	1	01000000010000000100000001000000
uint_vector_equal_identity	1	1	1	1	01000000010000000100000001000000
uint_if_join_0	1	16777216	2147483649	4294967294	010000000000000101000080feffffff
uint_ternary_select_0	1	16777216	2147483649	4294967294	010000000000000101000080feffffff
uint_if_join_1	0	16777217	2147483648	4294967295	000000000100000100000080ffffffff
uint_ternary_select_1	0	16777217	2147483648	4294967295	000000000100000100000080ffffffff
uint_runtime_swizzle	1	16777216	16777217	0	01000000000000010100000100000000
uint_runtime_vector_index	2147483648	4294967295	16777216	1	00000080ffffffff0000000101000000
uint_runtime_array_read	2147483648	16777217	4294967295	0	0000008001000001ffffffff00000000
uint_runtime_array_write	0	16777217	16777217	4294967295	000000000100000101000001ffffffff
uint_runtime_uvec_array	1	16777216	2147483649	4294967294	010000000000000101000080feffffff
uint_function_return	0	16777217	2147483648	4294967295	000000000100000100000080ffffffff
uint_function_inout_out	16777216	4278190078	4294967295	16777217	00000001fefffffeffffffff01000001
uint_struct_field_join	4294967295	16777217	2147483648	4294967295	ffffffff0100000100000080ffffffff
uint_arithmetic_compound	2147483645	2147483646	0	0	fdffff7ffeffff7f0000000000000000
uint_bitwise_compound	32513	4294967295	16777217	0	017f0000ffffffff0100000100000000
uint_fragment_runtime_path	0	16777217	2147483648	4294967295	000000000100000100000080ffffffff
uint_uniform_uvec2	16777217	4294967295	4294967295	16777217	01000001ffffffffffffffff01000001
uint_uniform_uvec3	16777217	2147483649	4294967295	2147483649	0100000101000080ffffffff01000080
uint_const_minmaxclamp	16777217	2147483648	2147483649	2147483648	01000001000000800100008000000080
uint_const_div_rem_shift	255	16776960	1	2147483648	ff00000000ffff000100000000000080
uint_int_uint_const_roundtrip	2147483649	4294967295	2147483648	2147483647	01000080ffffffff00000080ffffff7f
uint_ivec_variable_roundtrip	2147483649	4294967295	2147483648	2147483647	01000080ffffffff00000080ffffff7f
uint_ivec_swizzle_roundtrip	2147483647	2147483648	2147483649	4294967295	ffffff7f0000008001000080ffffffff
uint_int_scalar_variable_roundtrip	2147483649	4294967295	2147483648	2147483647	01000080ffffffff00000080ffffff7f
uint_int_function_roundtrip	2147483649	4294967295	2147483648	2147483647	01000080ffffffff00000080ffffff7f
uint_ivec_function_roundtrip	2147483649	4294967295	2147483648	2147483647	01000080ffffffff00000080ffffff7f
uint_ivec_inout_roundtrip	2147483647	2147483648	4294967295	2147483649	ffffff7f00000080ffffffff01000080
uint_int_signed_comparison	1	1	1	0	01000000010000000100000000000000
uint_bool_high_bit	1	1	1	1	01000000010000000100000001000000
uint_bvec_high_bit	1	1	1	1	01000000010000000100000001000000
uint_payload_0_constant	0	1	2147483648	2139095040	0000000001000000000000800000807f
uint_payload_0_uniform	0	1	2147483648	2139095040	0000000001000000000000800000807f
uint_payload_0_variable	0	1	2147483648	2139095040	0000000001000000000000800000807f
uint_payload_0_swizzle	2139095040	2147483648	0	1	0000807f000000800000000001000000
uint_payload_0_function	0	1	2147483648	2139095040	0000000001000000000000800000807f
uint_payload_0_inout	1	2	2147483649	2139095041	0100000002000000010000800100807f
uint_payload_0_array	0	1	2147483648	2139095040	0000000001000000000000800000807f
uint_payload_0_bool	0	1	1	1	00000000010000000100000001000000
uint_payload_0_minimum	0	1	2147483648	2139095040	0000000001000000000000800000807f
uint_payload_0_ivec_roundtrip	0	1	2147483648	2139095040	0000000001000000000000800000807f
uint_payload_0_select_0	2139095040	2147483648	1	0	0000807f000000800100000000000000
uint_payload_0_select_1	0	1	2147483648	2139095040	0000000001000000000000800000807f
uint_payload_1_constant	2143289345	4286578688	4294967295	8388607	0100c07f000080ffffffffffffff7f00
uint_payload_1_uniform	2143289345	4286578688	4294967295	8388607	0100c07f000080ffffffffffffff7f00
uint_payload_1_variable	2143289345	4286578688	4294967295	8388607	0100c07f000080ffffffffffffff7f00
uint_payload_1_swizzle	8388607	4294967295	2143289345	4286578688	ffff7f00ffffffff0100c07f000080ff
uint_payload_1_function	2143289345	4286578688	4294967295	8388607	0100c07f000080ffffffffffffff7f00
uint_payload_1_inout	2143289346	4286578689	0	8388608	0200c07f010080ff0000000000008000
uint_payload_1_array	2143289345	4286578688	4294967295	8388607	0100c07f000080ffffffffffffff7f00
uint_payload_1_bool	1	1	1	1	01000000010000000100000001000000
uint_payload_1_minimum	2143289345	2147483648	2147483648	8388607	0100c07f0000008000000080ffff7f00
uint_payload_1_ivec_roundtrip	2143289345	4286578688	4294967295	8388607	0100c07f000080ffffffffffffff7f00
uint_payload_1_select_0	8388607	4294967295	4286578688	2143289345	ffff7f00ffffffff000080ff0100c07f
uint_payload_1_select_1	2143289345	4286578688	4294967295	8388607	0100c07f000080ffffffffffffff7f00
while_finite_63	63	2016	0	1	3f000000e00700000000000001000000
while_condition_effects_63	63	2016	64	1	3f000000e00700004000000001000000
while_runtime_bound_63	63	1056964665	16777217	63	3f0000003900003f010000013f000000
do_finite_63	63	2016	0	1	3f000000e00700000000000001000000
do_condition_effects_63	63	2016	63	1	3f000000e00700003f00000001000000
do_runtime_bound_63	63	1056964665	16777217	63	3f0000003900003f010000013f000000
while_finite_64	64	2080	0	1	40000000200800000000000001000000
while_condition_effects_64	64	2080	65	1	40000000200800004100000001000000
while_runtime_bound_64	64	1073741882	16777217	64	400000003a0000400100000140000000
do_finite_64	64	2080	0	1	40000000200800000000000001000000
do_condition_effects_64	64	2080	64	1	40000000200800004000000001000000
do_runtime_bound_64	64	1073741882	16777217	64	400000003a0000400100000140000000
while_finite_65	65	2145	0	1	41000000610800000000000001000000
while_condition_effects_65	65	2145	66	1	41000000610800004200000001000000
while_runtime_bound_65	65	1090519099	16777217	65	410000003b0000410100000141000000
do_finite_65	65	2145	0	1	41000000610800000000000001000000
do_condition_effects_65	65	2145	65	1	41000000610800004100000001000000
do_runtime_bound_65	65	1090519099	16777217	65	410000003b0000410100000141000000
while_finite_128	128	8256	0	1	80000000402000000000000001000000
while_condition_effects_128	128	8256	129	1	80000000402000008100000001000000
while_runtime_bound_128	128	2147483770	16777217	128	800000007a0000800100000180000000
do_finite_128	128	8256	0	1	80000000402000000000000001000000
do_condition_effects_128	128	8256	128	1	80000000402000008000000001000000
do_runtime_bound_128	128	2147483770	16777217	128	800000007a0000800100000180000000
while_finite_256	256	32896	0	1	00010000808000000000000001000000
while_condition_effects_256	256	32896	257	1	00010000808000000101000001000000
while_runtime_bound_256	256	250	16777217	256	00010000fa0000000100000100010000
do_finite_256	256	32896	0	1	00010000808000000000000001000000
do_condition_effects_256	256	32896	256	1	00010000808000000001000001000000
do_runtime_bound_256	256	250	16777217	256	00010000fa0000000100000100010000
while_break_continue	65	1024	65	1	41000000000400004100000001000000
do_break_continue	65	1024	64	1	41000000000400004000000001000000
while_zero_body	0	1	0	1	00000000010000000000000001000000
do_minimum_one_body	1	1	0	1	01000000010000000000000001000000
while_nested_16_by_16	16	256	0	1	10000000000100000000000001000000
